{
  "epsilon": 0.031372549,    
  "alpha":   0.007843137,    
  "iters":   50,
  "kappa":   0.0
}
