{
  "epsilon": 0.03137254901960784,
  "alpha": 0.00784313725490196,
  "iters": 200
}